Workbook

Sheet Data_Geografica
A1: Club | B1: Ciudad | C1: Altitud_msnm | D1: Tipo_Clima | E1: Tipo_Cancha
A2: ADT | B2: Tarma | C2: 3050 | D2: Altura Extremada | E2: Natural
A3: Alianza Atlético | B3: Sullana | C3: 50 | D3: Calor Extremo | E3: Natural
A4: Alianza Lima | B4: Lima | C4: 150 | D4: Llano | E4: Natural
A5: Atlético Grau | B5: Piura | C5: 50 | D5: Calor Extremo | E5: Natural
A6: Cienciano | B6: Cusco | C6: 3399 | D6: Altura Extremada | E6: Natural
A7: Comerciantes Unidos | B7: Cutervo | C7: 2620 | D7: Altura Media | E7: Sintético
A8: Cusco FC | B8: Cusco | C8: 3399 | D8: Altura Extremada | E8: Natural
A9: Sport Huancayo | B9: Huancayo | C9: 3259 | D9: Altura Extremada | E9: Natural
A10: Deportivo Garcilaso | B10: Cusco | C10: 3399 | D10: Altura Extremada | E10: Natural
A11: CD Moquegua | B11: Moquegua | C11: 1410 | D11: Altura Media/Calor | E11: Natural
A12: FC Cajamarca | B12: Cajamarca | C12: 2750 | D12: Altura Media | E12: Sintético
A13: Juan Pablo II College | B13: Chongoyape | C13: 150 | D13: Calor | E13: Natural
... A19: UTC Cajamarca | B19: Cajamarca | C19: 2750 | D19: Altura Media | E19: Sintético

Sheet Partidos_Fecha
A1: Jornada | B1: Fecha | C1: Dia | D1: Hora | E1: Local | F1: Visita | G1: Estadio | H1: Ciudad | I1: Altitud_Local | J1: Altitud_Visita | K1: Delta_Altitud_msnm | L1: Dias_Descanso_Local | M1: Dias_Descanso_Visita
A2: Jornada 12 | B2: 46311 | C2: Viernes | D2: 0.54166667 | E2: Sport Huancayo | F2: Cusco FC | G2: Estadio IPD Huancayo | H2: Huancayo | I2: =VLOOKUP(E2,Data_Geografica!$A$2:$C$19,3,FALSE) -> 3259 | J2: =VLOOKUP(F2,Data_Geografica!$A$2:$C$19,3,FALSE) -> 3399 | K2: =IF(I2-J2>0,I2-J2,0) -> 0 | L2: 7 | M2: 7
A3: Jornada 12 | B3: 46311 | C3: Viernes | D3: 0.64583333 | E3: Chankas CYC | F3: ADT | G3: Estadio Los Chankas | H3: Andahuaylas | I3: =VLOOKUP(E3,Data_Geografica!$A$2:$C$19,3,FALSE) -> 2920 | J3: =VLOOKUP(F3,Data_Geografica!$A$2:$C$19,3,FALSE) -> 3050 | K3: =IF(I3-J3>0,I3-J3,0) -> 0 | L3: 7 | M3: 7
A4: Jornada 12 | B4: 46312 | C4: Sábado | D4: 0.625 | E4: Juan Pablo II College | F4: Sport Boys | G4: Complejo Deportivo Juan Pablo II | H4: Chongoyape | I4: =VLOOKUP(E4,Data_Geografica!$A$2:$C$19,3,FALSE) -> 150 | J4: =VLOOKUP(F4,Data_Geografica!$A$2:$C$19,3,FALSE) -> 10 | K4: =IF(I4-J4>0,I4-J4,0) -> 140 | L4: 7 | M4: 7
A5: Jornada 12 | B5: 46312 | C5: Sábado | D5: 0.75 | E5: Melgar | F5: Deportivo Garcilaso | G5: Estadio Monumental UNSA | H5: Arequipa | I5: =VLOOKUP(E5,Data_Geografica!$A$2:$C$19,3,FALSE) -> 2335 | J5: =VLOOKUP(F5,Data_Geografica!$A$2:$C$19,3,FALSE) -> 3399 | K5: =IF(I5-J5>0,I5-J5,0) -> 0 | L5: 7 | M5: 7
A6: Jornada 12 | B6: 46312 | C6: Sábado | D6: 0.85416667 | E6: Alianza Lima | F6: Atlético Grau | G6: Estadio Alejandro Villanueva | H6: Lima | I6: =VLOOKUP(E6,Data_Geografica!$A$2:$C$19,3,FALSE) -> 150 | J6: =VLOOKUP(F6,Data_Geografica!$A$2:$C$19,3,FALSE) -> 50 | K6: =IF(I6-J6>0,I6-J6,0) -> 100 | L6: 7 | M6: 7
A7: Jornada 12 | B7: 46312 | C7: Sábado | D7: 0.45833333 | E7: Sporting Cristal | F7: Comerciantes Unidos | G7: Estadio Alberto Gallardo | H7: Lima | I7: =VLOOKUP(E7,Data_Geografica!$A$2:$C$19,3,FALSE) -> 150 | J7: =VLOOKUP(F7,Data_Geografica!$A$2:$C$19,3,FALSE) -> 2620 | K7: =IF(I7-J7>0,I7-J7,0) -> 0 | L7: 7 | M7: 7
A8: Jornada 12 | B8: 46313 | C8: Domingo | D8: 0.54166667 | E8: FC Cajamarca | F8: CD Moquegua | G8: Estadio Héroes de San Ramón | H8: Cajamarca | I8: =VLOOKUP(E8,Data_Geografica!$A$2:$C$19,3,FALSE) -> 2750 | J8: =VLOOKUP(F8,Data_Geografica!$A$2:$C$19,3,FALSE) -> 1410 | K8: =IF(I8-J8>0,I8-J8,0) -> 1340 | L8: 7 | M8: 7
A9: Jornada 12 | B9: 46313 | C9: Domingo | D9: 0.64583333 | E9: Alianza Atlético | F9: Universitario | G9: Estadio Campeones del 36 | H9: Sullana | I9: =VLOOKUP(E9,Data_Geografica!$A$2:$C$19,3,FALSE) -> 50 | J9: =VLOOKUP(F9,Data_Geografica!$A$2:$C$19,3,FALSE) -> 150 | K9: =IF(I9-J9>0,I9-J9,0) -> 0 | L9: 7 | M9: 7
A10: Jornada 12 | B10: 46313 | C10: Domingo | D10: 0.77083333 | E10: Cienciano | F10: UTC Cajamarca | G10: Estadio Inca Garcilaso de la Vega | H10: Cusco | I10: =VLOOKUP(E10,Data_Geografica!$A$2:$C$19,3,FALSE) -> 3399 | J10: =VLOOKUP(F10,Data_Geografica!$A$2:$C$19,3,FALSE) -> 2750 | K10: =IF(I10-J10>0,I10-J10,0) -> 649 | L10: 7 | M10: 7
A11: Jornada 13 | B11: 46311 | C11: Viernes | D11: 0.54166667 | E11: UTC Cajamarca | F11: Melgar | G11: Estadio Héroes de San Ramón | H11: Huancayo | I11: =VLOOKUP(E11,Data_Geografica!$A$2:$C$19,3,FALSE) -> 2750 | J11: =VLOOKUP(F11,Data_Geografica!$A$2:$C$19,3,FALSE) -> 2335 | K11: =IF(I11-J11>0,I11-J11,0) -> 415 | L11: 7 | M11: 7
A12: Jornada 13 | B12: 46311 | C12: Viernes | D12: 0.64583333 | E12: Atlético Grau | F12: ADT | G12: Estadio Campeones del 36 | H12: Andahuaylas | I12: =VLOOKUP(E12,Data_Geografica!$A$2:$C$19,3,FALSE) -> 50 | J12: =VLOOKUP(F12,Data_Geografica!$A$2:$C$19,3,FALSE) -> 3050 | K12: =IF(I12-J12>0,I12-J12,0) -> 0 | L12: 7 | M12: 7
A13: Jornada 13 | B13: 46312 | C13: Sábado | D13: 0.625 | E13: Sport Huancayo | F13: Alianza Atlético | G13: Estadio IPD Huancayo | H13: Chongoyape | I13: =VLOOKUP(E13,Data_Geografica!$A$2:$C$19,3,FALSE) -> 3259 | J13: =VLOOKUP(F13,Data_Geografica!$A$2:$C$19,3,FALSE) -> 50 | K13: =IF(I13-J13>0,I13-J13,0) -> 3209 | L13: 7 | M13: 7
... A19: Jornada 13 | B19: 46313 | C19: Domingo | D19: 0.77083333 | E19: Deportivo Garcilaso | F19: Chankas CYC | G19: Estadio Inca Garcilaso de la Vega | H19: Cusco | I19: =VLOOKUP(E19,Data_Geografica!$A$2:$C$19,3,FALSE) -> 3399 | J19: =VLOOKUP(F19,Data_Geografica!$A$2:$C$19,3,FALSE) -> 2920 | K19: =IF(I19-J19>0,I19-J19,0) -> 479 | L19: 7 | M19: 7

Sheet Resultados_Apertura
A1: Jornada | B1: Local | C1: Goles_Local | D1: Goles_Visita | E1: Visita | F1: Ciudad | G1: Altitud_Local | H1: Altitud_Visita | I1: xG_Local | J1: xG_Visita
A2: Fecha 1 | B2: Sport Huancayo | C2: 1 | D2: 2 | E2: Alianza Lima | F2: Huancayo | G2: 3259 | H2: 150 | I2: 1,23 | J2: 1,30
A3: Fecha 1 | B3: UTC Cajamarca | C3: 2 | D3: 0 | E3: Atlético Grau | F3: Cajamarca | G3: 2750 | H3: 29 | I3: 1,67 | J3: 0,30
A4: Fecha 1 | B4: Sport Boys | C4: 1 | D4: 1 | E4: Chankas CYC | F4: Callao | G4: 5 | H4: 2926 | I4: 0,90 | J4: 0,80
A5: Fecha 1 | B5: Juan Pablo II College | C5: 3 | D5: 3 | E5: FC Cajamarca | F5: Chongoyape | G5: 209 | H5: 2750 | I5: 1,92 | J5: 1,80
A6: Fecha 1 | B6: Melgar | C6: 2 | D6: 0 | E6: Cienciano | F6: Arequipa | G6: 2335 | H6: 3399 | I6: 1,63 | J6: 0,30
A7: Fecha 1 | B7: Deportivo Garcilaso | C7: 1 | D7: 1 | E7: Sporting Cristal | F7: Cusco | G7: 3399 | H7: 150 | I7: 1,24 | J7: 0,80
A8: Fecha 1 | B8: Alianza Atlético | C8: 1 | D8: 0 | E8: Cusco FC | F8: Sullana | G8: 60 | H8: 3399 | I8: 0,91 | J8: 0,30
A9: Fecha 1 | B9: Universitario | C9: 2 | D9: 0 | E9: ADT | F9: Lima | G9: 150 | H9: 3050 | I9: 1,41 | J9: 0,30
A10: Fecha 1 | B10: Comerciantes Unidos | C10: 1 | D10: 0 | E10: CD Moquegua | F10: Cutervo | G10: 2637 | H10: 1410 | I10: 1,16 | J10: 0,30
A11: Fecha 2 | B11: CD Moquegua | C11: 2 | D11: 3 | E11: UTC Cajamarca | F11: Moquegua | G11: 1410 | H11: 2750 | I11: 1,54 | J11: 1,80
A12: Fecha 2 | B12: ADT | C12: 1 | D12: 0 | E12: Sport Boys | F12: Tarma | G12: 3050 | H12: 5 | I12: 1,21 | J12: 0,30
A13: Fecha 2 | B13: Atlético Grau | C13: 0 | D13: 0 | E13: Sport Huancayo | F13: Piura | G13: 29 | H13: 3259 | I13: 0,40 | J13: 0,30
... A154: Fecha 17 | B154: Cienciano | C154: 3 | D154: 2 | E154: Sporting Cristal | F154: Cusco | G154: 3399 | H154: 150 | I154: 2,24 | J154: 1,30

Sheet Resultados_Clausura
A1: Jornada | B1: Local | C1: Goles_Local | D1: Goles_Visita | E1: Visita | F1: Ciudad | G1: Altitud_Local | H1: Altitud_Visita | I1: Prom_GF_Local | J1: Prom_GC_Local | K1: Prom_GF_Visita | L1: Prom_GC_Visita | M1: xG_Local | N1: xG_Visita
A2: Jornada 1 | B2: FC Cajamarca | C2: 2 | D2: 2 | E2: Juan Pablo II College | F2: Cajamarca | G2: =VLOOKUP(B2,Resultados_Apertura!$B$2:$H$154,6,FALSE) -> 2750 | H2: =VLOOKUP(E2,Resultados_Apertura!$E$2:$H$154,4,FALSE) -> 209 | I2: =SUMIF(Resultados_Apertura!$B$2:$B$154, Resultados_Clausura!B2, Resultados_Apertura!$C$2:$C$154) / COUNTIF(Resultados_Apertura!$B$2:$B$154, Resultados_Clausura!B2) -> 2 | J2: =SUMIF(Resultados_Apertura!$B$2:$B$154, Resultados_Clausura!B2, Resultados_Apertura!$D$2:$D$154) / COUNTIF(Resultados_Apertura!$B$2:$B$154, Resultados_Clausura!B2) -> 1.625 | K2: =SUMIF(Resultados_Apertura!$E$2:$E$154, Resultados_Clausura!E2, Resultados_Apertura!$D$2:$D$154) / COUNTIF(Resultados_Apertura!$E$2:$E$154, Resultados_Clausura!E2) -> 1.125 | L2: =SUMIF(Resultados_Apertura!$E$2:$E$154, Resultados_Clausura!E2, Resultados_Apertura!$C$2:$C$154) / COUNTIF(Resultados_Apertura!$E$2:$E$154, Resultados_Clausura!E2) -> 2.625 | M2: =((I2 * L2) / Formulas!$D$2) * IF(H2>=2000, 1.2, IF(H2>=1000, 1.1, 1)) -> 3.1205357 | N2: =((K2 * J2) / Formulas!$D$6) * IF(H2>=2000, 0.75, IF(H2>=1000, 0.85, 1)) -> 1.6902902
A3: Jornada 1 | B3: Sporting Cristal | C3: 1 | D3: 0 | E3: Deportivo Garcilaso | F3: Lima | G3: =VLOOKUP(B3,Resultados_Apertura!$B$2:$H$154,6,FALSE) -> 150 | H3: =VLOOKUP(E3,Resultados_Apertura!$E$2:$H$154,4,FALSE) -> 3399 | I3: =SUMIF(Resultados_Apertura!$B$2:$B$154, Resultados_Clausura!B3, Resultados_Apertura!$C$2:$C$154) / COUNTIF(Resultados_Apertura!$B$2:$B$154, Resultados_Clausura!B3) -> 2.125 | J3: =SUMIF(Resultados_Apertura!$B$2:$B$154, Resultados_Clausura!B3, Resultados_Apertura!$D$2:$D$154) / COUNTIF(Resultados_Apertura!$B$2:$B$154, Resultados_Clausura!B3) -> 1.5 | K3: =SUMIF(Resultados_Apertura!$E$2:$E$154, Resultados_Clausura!E3, Resultados_Apertura!$D$2:$D$154) / COUNTIF(Resultados_Apertura!$E$2:$E$154, Resultados_Clausura!E3) -> 0.5 | L3: =SUMIF(Resultados_Apertura!$E$2:$E$154, Resultados_Clausura!E3, Resultados_Apertura!$C$2:$C$154) / COUNTIF(Resultados_Apertura!$E$2:$E$154, Resultados_Clausura!E3) -> 1.125 | M3: =((I3 * L3) / Formulas!$D$2) * IF(H3>=2000, 1.2, IF(H3>=1000, 1.1, 1)) -> 1.7051499 | N3: =((K3 * J3) / Formulas!$D$6) * IF(H3>=2000, 0.75, IF(H3>=1000, 0.85, 1)) -> 0.52008929
A4: Jornada 1 | B4: Cienciano | C4: 1 | D4: 3 | E4: Melgar | F4: Cusco | G4: =VLOOKUP(B4,Resultados_Apertura!$B$2:$H$154,6,FALSE) -> 3399 | H4: =VLOOKUP(E4,Resultados_Apertura!$E$2:$H$154,4,FALSE) -> 2335 | I4: =SUMIF(Resultados_Apertura!$B$2:$B$154, Resultados_Clausura!B4, Resultados_Apertura!$C$2:$C$154) / COUNTIF(Resultados_Apertura!$B$2:$B$154, Resultados_Clausura!B4) -> 2.4444444 | J4: =SUMIF(Resultados_Apertura!$B$2:$B$154, Resultados_Clausura!B4, Resultados_Apertura!$D$2:$D$154) / COUNTIF(Resultados_Apertura!$B$2:$B$154, Resultados_Clausura!B4) -> 1 | K4: =SUMIF(Resultados_Apertura!$E$2:$E$154, Resultados_Clausura!E4, Resultados_Apertura!$D$2:$D$154) / COUNTIF(Resultados_Apertura!$E$2:$E$154, Resultados_Clausura!E4) -> 1.25 | L4: =SUMIF(Resultados_Apertura!$E$2:$E$154, Resultados_Clausura!E4, Resultados_Apertura!$C$2:$C$154) / COUNTIF(Resultados_Apertura!$E$2:$E$154, Resultados_Clausura!E4) -> 1.5 | M4: =((I4 * L4) / Formulas!$D$2) * IF(H4>=2000, 1.2, IF(H4>=1000, 1.1, 1)) -> 2.6153061 | N4: =((K4 * J4) / Formulas!$D$6) * IF(H4>=2000, 0.75, IF(H4>=1000, 0.85, 1)) -> 0.86681548
A5: Jornada 1 | B5: CD Moquegua | C5: 2 | D5: 2 | E5: Comerciantes Unidos | F5: Moquegua | G5: =VLOOKUP(B5,Resultados_Apertura!$B$2:$H$154,6,FALSE) -> 1410 | H5: =VLOOKUP(E5,Resultados_Apertura!$E$2:$H$154,4,FALSE) -> 2637 | I5: =SUMIF(Resultados_Apertura!$B$2:$B$154, Resultados_Clausura!B5, Resultados_Apertura!$C$2:$C$154) / COUNTIF(Resultados_Apertura!$B$2:$B$154, Resultados_Clausura!B5) -> 1.625 | J5: =SUMIF(Resultados_Apertura!$B$2:$B$154, Resultados_Clausura!B5, Resultados_Apertura!$D$2:$D$154) / COUNTIF(Resultados_Apertura!$B$2:$B$154, Resultados_Clausura!B5) -> 1.125 | K5: =SUMIF(Resultados_Apertura!$E$2:$E$154, Resultados_Clausura!E5, Resultados_Apertura!$D$2:$D$154) / COUNTIF(Resultados_Apertura!$E$2:$E$154, Resultados_Clausura!E5) -> 1.125 | L5: =SUMIF(Resultados_Apertura!$E$2:$E$154, Resultados_Clausura!E5, Resultados_Apertura!$C$2:$C$154) / COUNTIF(Resultados_Apertura!$E$2:$E$154, Resultados_Clausura!E5) -> 1.875 | M5: =((I5 * L5) / Formulas!$D$2) * IF(H5>=2000, 1.2, IF(H5>=1000, 1.1, 1)) -> 2.1732302 | N5: =((K5 * J5) / Formulas!$D$6) * IF(H5>=2000, 0.75, IF(H5>=1000, 0.85, 1)) -> 0.87765067
A6: Jornada 1 | B6: ADT | C6: 1 | D6: 2 | E6: Universitario | F6: Tarma | G6: =VLOOKUP(B6,Resultados_Apertura!$B$2:$H$154,6,FALSE) -> 3050 | H6: =VLOOKUP(E6,Resultados_Apertura!$E$2:$H$154,4,FALSE) -> 150 | I6: =SUMIF(Resultados_Apertura!$B$2:$B$154, Resultados_Clausura!B6, Resultados_Apertura!$C$2:$C$154) / COUNTIF(Resultados_Apertura!$B$2:$B$154, Resultados_Clausura!B6) -> 1.5555556 | J6: =SUMIF(Resultados_Apertura!$B$2:$B$154, Resultados_Clausura!B6, Resultados_Apertura!$D$2:$D$154) / COUNTIF(Resultados_Apertura!$B$2:$B$154, Resultados_Clausura!B6) -> 1 | K6: =SUMIF(Resultados_Apertura!$E$2:$E$154, Resultados_Clausura!E6, Resultados_Apertura!$D$2:$D$154) / COUNTIF(Resultados_Apertura!$E$2:$E$154, Resultados_Clausura!E6) -> 1.125 | L6: =SUMIF(Resultados_Apertura!$E$2:$E$154, Resultados_Clausura!E6, Resultados_Apertura!$C$2:$C$154) / COUNTIF(Resultados_Apertura!$E$2:$E$154, Resultados_Clausura!E6) -> 1.125 | M6: =((I6 * L6) / Formulas!$D$2) * IF(H6>=2000, 1.2, IF(H6>=1000, 1.1, 1)) -> 1.0401786 | N6: =((K6 * J6) / Formulas!$D$6) * IF(H6>=2000, 0.75, IF(H6>=1000, 0.85, 1)) -> 1.0401786
A7: Jornada 1 | B7: Atlético Grau | C7: 3 | D7: 1 | E7: UTC Cajamarca | F7: Sullana | G7: =VLOOKUP(B7,Resultados_Apertura!$B$2:$H$154,6,FALSE) -> 29 | H7: =VLOOKUP(E7,Resultados_Apertura!$E$2:$H$154,4,FALSE) -> 2750 | I7: =SUMIF(Resultados_Apertura!$B$2:$B$154, Resultados_Clausura!B7, Resultados_Apertura!$C$2:$C$154) / COUNTIF(Resultados_Apertura!$B$2:$B$154, Resultados_Clausura!B7) -> 1 | J7: =SUMIF(Resultados_Apertura!$B$2:$B$154, Resultados_Clausura!B7, Resultados_Apertura!$D$2:$D$154) / COUNTIF(Resultados_Apertura!$B$2:$B$154, Resultados_Clausura!B7) -> 0.75 | K7: =SUMIF(Resultados_Apertura!$E$2:$E$154, Resultados_Clausura!E7, Resultados_Apertura!$D$2:$D$154) / COUNTIF(Resultados_Apertura!$E$2:$E$154, Resultados_Clausura!E7) -> 1.3333333 | L7: =SUMIF(Resultados_Apertura!$E$2:$E$154, Resultados_Clausura!E7, Resultados_Apertura!$C$2:$C$154) / COUNTIF(Resultados_Apertura!$E$2:$E$154, Resultados_Clausura!E7) -> 2 | M7: =((I7 * L7) / Formulas!$D$2) * IF(H7>=2000, 1.2, IF(H7>=1000, 1.1, 1)) -> 1.4265306 | N7: =((K7 * J7) / Formulas!$D$6) * IF(H7>=2000, 0.75, IF(H7>=1000, 0.85, 1)) -> 0.69345238
A8: Jornada 1 | B8: Cusco FC | C8: 4 | D8: 1 | E8: Alianza Atlético | F8: Cusco | G8: =VLOOKUP(B8,Resultados_Apertura!$B$2:$H$154,6,FALSE) -> 3399 | H8: =VLOOKUP(E8,Resultados_Apertura!$E$2:$H$154,4,FALSE) -> 60 | I8: =SUMIF(Resultados_Apertura!$B$2:$B$154, Resultados_Clausura!B8, Resultados_Apertura!$C$2:$C$154) / COUNTIF(Resultados_Apertura!$B$2:$B$154, Resultados_Clausura!B8) -> 1.375 | J8: =SUMIF(Resultados_Apertura!$B$2:$B$154, Resultados_Clausura!B8, Resultados_Apertura!$D$2:$D$154) / COUNTIF(Resultados_Apertura!$B$2:$B$154, Resultados_Clausura!B8) -> 0.75 | K8: =SUMIF(Resultados_Apertura!$E$2:$E$154, Resultados_Clausura!E8, Resultados_Apertura!$D$2:$D$154) / COUNTIF(Resultados_Apertura!$E$2:$E$154, Resultados_Clausura!E8) -> 1 | L8: =SUMIF(Resultados_Apertura!$E$2:$E$154, Resultados_Clausura!E8, Resultados_Apertura!$C$2:$C$154) / COUNTIF(Resultados_Apertura!$E$2:$E$154, Resultados_Clausura!E8) -> 1.4444444 | M8: =((I8 * L8) / Formulas!$D$2) * IF(H8>=2000, 1.2, IF(H8>=1000, 1.1, 1)) -> 1.1805201 | N8: =((K8 * J8) / Formulas!$D$6) * IF(H8>=2000, 0.75, IF(H8>=1000, 0.85, 1)) -> 0.69345238
A9: Jornada 1 | B9: Chankas CYC | C9: 1 | D9: 0 | E9: Sport Boys | F9: Andahuaylas | G9: =VLOOKUP(B9,Resultados_Apertura!$B$2:$H$154,6,FALSE) -> 2926 | H9: =VLOOKUP(E9,Resultados_Apertura!$E$2:$H$154,4,FALSE) -> 5 | I9: =SUMIF(Resultados_Apertura!$B$2:$B$154, Resultados_Clausura!B9, Resultados_Apertura!$C$2:$C$154) / COUNTIF(Resultados_Apertura!$B$2:$B$154, Resultados_Clausura!B9) -> 1.7777778 | J9: =SUMIF(Resultados_Apertura!$B$2:$B$154, Resultados_Clausura!B9, Resultados_Apertura!$D$2:$D$154) / COUNTIF(Resultados_Apertura!$B$2:$B$154, Resultados_Clausura!B9) -> 0.88888889 | K9: =SUMIF(Resultados_Apertura!$E$2:$E$154, Resultados_Clausura!E9, Resultados_Apertura!$D$2:$D$154) / COUNTIF(Resultados_Apertura!$E$2:$E$154, Resultados_Clausura!E9) -> 0.75 | L9: =SUMIF(Resultados_Apertura!$E$2:$E$154, Resultados_Clausura!E9, Resultados_Apertura!$C$2:$C$154) / COUNTIF(Resultados_Apertura!$E$2:$E$154, Resultados_Clausura!E9) -> 1.75 | M9: =((I9 * L9) / Formulas!$D$2) * IF(H9>=2000, 1.2, IF(H9>=1000, 1.1, 1)) -> 1.8492063 | N9: =((K9 * J9) / Formulas!$D$6) * IF(H9>=2000, 0.75, IF(H9>=1000, 0.85, 1)) -> 0.61640212
A10: Jornada 1 | B10: Alianza Lima | C10: 2 | D10: 1 | E10: Sport Huancayo | F10: Lima | G10: =VLOOKUP(B10,Resultados_Apertura!$B$2:$H$154,6,FALSE) -> 150 | H10: =VLOOKUP(E10,Resultados_Apertura!$E$2:$H$154,4,FALSE) -> 3259 | I10: =SUMIF(Resultados_Apertura!$B$2:$B$154, Resultados_Clausura!B10, Resultados_Apertura!$C$2:$C$154) / COUNTIF(Resultados_Apertura!$B$2:$B$154, Resultados_Clausura!B10) -> 2.75 | J10: =SUMIF(Resultados_Apertura!$B$2:$B$154, Resultados_Clausura!B10, Resultados_Apertura!$D$2:$D$154) / COUNTIF(Resultados_Apertura!$B$2:$B$154, Resultados_Clausura!B10) -> 0.5 | K10: =SUMIF(Resultados_Apertura!$E$2:$E$154, Resultados_Clausura!E10, Resultados_Apertura!$D$2:$D$154) / COUNTIF(Resultados_Apertura!$E$2:$E$154, Resultados_Clausura!E10) -> 1 | L10: =SUMIF(Resultados_Apertura!$E$2:$E$154, Resultados_Clausura!E10, Resultados_Apertura!$C$2:$C$154) / COUNTIF(Resultados_Apertura!$E$2:$E$154, Resultados_Clausura!E10) -> 2.4444444 | M10: =((I10 * L10) / Formulas!$D$2) * IF(H10>=2000, 1.2, IF(H10>=1000, 1.1, 1)) -> 4.7947279 | N10: =((K10 * J10) / Formulas!$D$6) * IF(H10>=2000, 0.75, IF(H10>=1000, 0.85, 1)) -> 0.34672619
A11: Jornada 2 | B11: Alianza Atlético | C11: 3 | D11: 1 | E11: Chankas CYC | F11: Sullana | G11: =VLOOKUP(B11,Resultados_Apertura!$B$2:$H$154,6,FALSE) -> 60 | H11: =VLOOKUP(E11,Resultados_Apertura!$E$2:$H$154,4,FALSE) -> 2926 | I11: =(SUMIF(Resultados_Apertura!$B$2:$B$154, B10, Resultados_Apertura!$C$2:$C$154) + SUMIF($B$2:$B9, B10, $C$2:$C9)) / (COUNTIF(Resultados_Apertura!$B$2:$B$154, B10) + COUNTIF($B$2:$B9, B10)) -> 2.75 | J11: =(SUMIF(Resultados_Apertura!$B$2:$B$154, B10, Resultados_Apertura!$D$2:$D$154) + SUMIF($B$2:$B9, B10, $D$2:$D9)) / (COUNTIF(Resultados_Apertura!$B$2:$B$154, B10) + COUNTIF($B$2:$B9, B10)) -> 0.5 | K11: =(SUMIF(Resultados_Apertura!$E$2:$E$154, E10, Resultados_Apertura!$D$2:$D$154) + SUMIF($E$2:$E9, E10, $D$2:$D9)) / (COUNTIF(Resultados_Apertura!$E$2:$E$154, E10) + COUNTIF($E$2:$E9, E10)) -> 1 | L11: =(SUMIF(Resultados_Apertura!$E$2:$E$154, E10, Resultados_Apertura!$C$2:$C$154) + SUMIF($E$2:$E9, E10, $C$2:$C9)) / (COUNTIF(Resultados_Apertura!$E$2:$E$154, E10) + COUNTIF($E$2:$E9, E10)) -> 2.4444444 | M11: =((I11 * L11) / Formulas!$D$2) * IF(H11>=2000, 1.2, IF(H11>=1000, 1.1, 1)) -> 4.7947279 | N11: =((K11 * J11) / Formulas!$D$6) * IF(H11>=2000, 0.75, IF(H11>=1000, 0.85, 1)) -> 0.34672619
A12: Jornada 2 | B12: Universitario | C12: 2 | D12: 1 | E12: Cusco FC | F12: Lima | G12: =VLOOKUP(B12,Resultados_Apertura!$B$2:$H$154,6,FALSE) -> 150 | H12: =VLOOKUP(E12,Resultados_Apertura!$E$2:$H$154,4,FALSE) -> 3399 | I12: =(SUMIF(Resultados_Apertura!$B$2:$B$154, B11, Resultados_Apertura!$C$2:$C$154) + SUMIF($B$2:$B10, B11, $C$2:$C10)) / (COUNTIF(Resultados_Apertura!$B$2:$B$154, B11) + COUNTIF($B$2:$B10, B11)) -> 1.375 | J12: =(SUMIF(Resultados_Apertura!$B$2:$B$154, B11, Resultados_Apertura!$D$2:$D$154) + SUMIF($B$2:$B10, B11, $D$2:$D10)) / (COUNTIF(Resultados_Apertura!$B$2:$B$154, B11) + COUNTIF($B$2:$B10, B11)) -> 0.625 | K12: =(SUMIF(Resultados_Apertura!$E$2:$E$154, E11, Resultados_Apertura!$D$2:$D$154) + SUMIF($E$2:$E10, E11, $D$2:$D10)) / (COUNTIF(Resultados_Apertura!$E$2:$E$154, E11) + COUNTIF($E$2:$E10, E11)) -> 1.125 | L12: =(SUMIF(Resultados_Apertura!$E$2:$E$154, E11, Resultados_Apertura!$C$2:$C$154) + SUMIF($E$2:$E10, E11, $C$2:$C10)) / (COUNTIF(Resultados_Apertura!$E$2:$E$154, E11) + COUNTIF($E$2:$E10, E11)) -> 1.625 | M12: =((I12 * L12) / Formulas!$D$2) * IF(H12>=2000, 1.2, IF(H12>=1000, 1.1, 1)) -> 1.5937022 | N12: =((K12 * J12) / Formulas!$D$6) * IF(H12>=2000, 0.75, IF(H12>=1000, 0.85, 1)) -> 0.48758371
A13: Jornada 2 | B13: Sport Boys | C13: 2 | D13: 0 | E13: ADT | F13: Callao | G13: =VLOOKUP(B13,Resultados_Apertura!$B$2:$H$154,6,FALSE) -> 5 | H13: =VLOOKUP(E13,Resultados_Apertura!$E$2:$H$154,4,FALSE) -> 3050 | I13: =(SUMIF(Resultados_Apertura!$B$2:$B$154, B12, Resultados_Apertura!$C$2:$C$154) + SUMIF($B$2:$B11, B12, $C$2:$C11)) / (COUNTIF(Resultados_Apertura!$B$2:$B$154, B12) + COUNTIF($B$2:$B11, B12)) -> 1.6666667 | J13: =(SUMIF(Resultados_Apertura!$B$2:$B$154, B12, Resultados_Apertura!$D$2:$D$154) + SUMIF($B$2:$B11, B12, $D$2:$D11)) / (COUNTIF(Resultados_Apertura!$B$2:$B$154, B12) + COUNTIF($B$2:$B11, B12)) -> 0.66666667 | K13: =(SUMIF(Resultados_Apertura!$E$2:$E$154, E12, Resultados_Apertura!$D$2:$D$154) + SUMIF($E$2:$E11, E12, $D$2:$D11)) / (COUNTIF(Resultados_Apertura!$E$2:$E$154, E12) + COUNTIF($E$2:$E11, E12)) -> 1.1111111 | L13: =(SUMIF(Resultados_Apertura!$E$2:$E$154, E12, Resultados_Apertura!$C$2:$C$154) + SUMIF($E$2:$E11, E12, $C$2:$C11)) / (COUNTIF(Resultados_Apertura!$E$2:$E$154, E12) + COUNTIF($E$2:$E11, E12)) -> 2 | M13: =((I13 * L13) / Formulas!$D$2) * IF(H13>=2000, 1.2, IF(H13>=1000, 1.1, 1)) -> 2.377551 | N13: =((K13 * J13) / Formulas!$D$6) * IF(H13>=2000, 0.75, IF(H13>=1000, 0.85, 1)) -> 0.51366843
A14: Jornada 2 | B14: Sport Huancayo | C14: 2 | D14: 0 | E14: Atlético Grau | F14: Huancayo | G14: =VLOOKUP(B14,Resultados_Apertura!$B$2:$H$154,6,FALSE) -> 3259 | H14: =VLOOKUP(E14,Resultados_Apertura!$E$2:$H$154,4,FALSE) -> 29 | I14: =(SUMIF(Resultados_Apertura!$B$2:$B$154, B13, Resultados_Apertura!$C$2:$C$154) + SUMIF($B$2:$B12, B13, $C$2:$C12)) / (COUNTIF(Resultados_Apertura!$B$2:$B$154, B13) + COUNTIF($B$2:$B12, B13)) -> 1 | J14: =(SUMIF(Resultados_Apertura!$B$2:$B$154, B13, Resultados_Apertura!$D$2:$D$154) + SUMIF($B$2:$B12, B13, $D$2:$D12)) / (COUNTIF(Resultados_Apertura!$B$2:$B$154, B13) + COUNTIF($B$2:$B12, B13)) -> 0.55555556 | K14: =(SUMIF(Resultados_Apertura!$E$2:$E$154, E13, Resultados_Apertura!$D$2:$D$154) + SUMIF($E$2:$E12, E13, $D$2:$D12)) / (COUNTIF(Resultados_Apertura!$E$2:$E$154, E13) + COUNTIF($E$2:$E12, E13)) -> 1 | L14: =(SUMIF(Resultados_Apertura!$E$2:$E$154, E13, Resultados_Apertura!$C$2:$C$154) + SUMIF($E$2:$E12, E13, $C$2:$C12)) / (COUNTIF(Resultados_Apertura!$E$2:$E$154, E13) + COUNTIF($E$2:$E12, E13)) -> 1.5 | M14: =((I14 * L14) / Formulas!$D$2) * IF(H14>=2000, 1.2, IF(H14>=1000, 1.1, 1)) -> 0.89158163 | N14: =((K14 * J14) / Formulas!$D$6) * IF(H14>=2000, 0.75, IF(H14>=1000, 0.85, 1)) -> 0.51366843
A15: Jornada 2 | B15: Juan Pablo II College | C15: 2 | D15: 0 | E15: Cienciano | F15: Chongoyape | G15: =VLOOKUP(B15,Resultados_Apertura!$B$2:$H$154,6,FALSE) -> 209 | H15: =VLOOKUP(E15,Resultados_Apertura!$E$2:$H$154,4,FALSE) -> 3399 | I15: =(SUMIF(Resultados_Apertura!$B$2:$B$154, B14, Resultados_Apertura!$C$2:$C$154) + SUMIF($B$2:$B13, B14, $C$2:$C13)) / (COUNTIF(Resultados_Apertura!$B$2:$B$154, B14) + COUNTIF($B$2:$B13, B14)) -> 1.5 | J15: =(SUMIF(Resultados_Apertura!$B$2:$B$154, B14, Resultados_Apertura!$D$2:$D$154) + SUMIF($B$2:$B13, B14, $D$2:$D13)) / (COUNTIF(Resultados_Apertura!$B$2:$B$154, B14) + COUNTIF($B$2:$B13, B14)) -> 1.125 | K15: =(SUMIF(Resultados_Apertura!$E$2:$E$154, E14, Resultados_Apertura!$D$2:$D$154) + SUMIF($E$2:$E13, E14, $D$2:$D13)) / (COUNTIF(Resultados_Apertura!$E$2:$E$154, E14) + COUNTIF($E$2:$E13, E14)) -> 0.44444444 | L15: =(SUMIF(Resultados_Apertura!$E$2:$E$154, E14, Resultados_Apertura!$C$2:$C$154) + SUMIF($E$2:$E13, E14, $C$2:$C13)) / (COUNTIF(Resultados_Apertura!$E$2:$E$154, E14) + COUNTIF($E$2:$E13, E14)) -> 1.3333333 | M15: =((I15 * L15) / Formulas!$D$2) * IF(H15>=2000, 1.2, IF(H15>=1000, 1.1, 1)) -> 1.4265306 | N15: =((K15 * J15) / Formulas!$D$6) * IF(H15>=2000, 0.75, IF(H15>=1000, 0.85, 1)) -> 0.34672619
A16: Jornada 2 | B16: Melgar | C16: 2 | D16: 1 | E16: Sporting Cristal | F16: Arequipa | G16: =VLOOKUP(B16,Resultados_Apertura!$B$2:$H$154,6,FALSE) -> 2335 | H16: =VLOOKUP(E16,Resultados_Apertura!$E$2:$H$154,4,FALSE) -> 150 | I16: =(SUMIF(Resultados_Apertura!$B$2:$B$154, B15, Resultados_Apertura!$C$2:$C$154) + SUMIF($B$2:$B14, B15, $C$2:$C14)) / (COUNTIF(Resultados_Apertura!$B$2:$B$154, B15) + COUNTIF($B$2:$B14, B15)) -> 1.4444444 | J16: =(SUMIF(Resultados_Apertura!$B$2:$B$154, B15, Resultados_Apertura!$D$2:$D$154) + SUMIF($B$2:$B14, B15, $D$2:$D14)) / (COUNTIF(Resultados_Apertura!$B$2:$B$154, B15) + COUNTIF($B$2:$B14, B15)) -> 2.1111111 | K16: =(SUMIF(Resultados_Apertura!$E$2:$E$154, E15, Resultados_Apertura!$D$2:$D$154) + SUMIF($E$2:$E14, E15, $D$2:$D14)) / (COUNTIF(Resultados_Apertura!$E$2:$E$154, E15) + COUNTIF($E$2:$E14, E15)) -> 1.5 | L16: =(SUMIF(Resultados_Apertura!$E$2:$E$154, E15, Resultados_Apertura!$C$2:$C$154) + SUMIF($E$2:$E14, E15, $C$2:$C14)) / (COUNTIF(Resultados_Apertura!$E$2:$E$154, E15) + COUNTIF($E$2:$E14, E15)) -> 1.625 | M16: =((I16 * L16) / Formulas!$D$2) * IF(H16>=2000, 1.2, IF(H16>=1000, 1.1, 1)) -> 1.3951601 | N16: =((K16 * J16) / Formulas!$D$6) * IF(H16>=2000, 0.75, IF(H16>=1000, 0.85, 1)) -> 2.9279101
A17: Jornada 2 | B17: UTC Cajamarca | C17: 0 | D17: 0 | E17: CD Moquegua | F17: Cajamarca | G17: =VLOOKUP(B17,Resultados_Apertura!$B$2:$H$154,6,FALSE) -> 2750 | H17: =VLOOKUP(E17,Resultados_Apertura!$E$2:$H$154,4,FALSE) -> 1410 | I17: =(SUMIF(Resultados_Apertura!$B$2:$B$154, B16, Resultados_Apertura!$C$2:$C$154) + SUMIF($B$2:$B15, B16, $C$2:$C15)) / (COUNTIF(Resultados_Apertura!$B$2:$B$154, B16) + COUNTIF($B$2:$B15, B16)) -> 2.1111111 | J17: =(SUMIF(Resultados_Apertura!$B$2:$B$154, B16, Resultados_Apertura!$D$2:$D$154) + SUMIF($B$2:$B15, B16, $D$2:$D15)) / (COUNTIF(Resultados_Apertura!$B$2:$B$154, B16) + COUNTIF($B$2:$B15, B16)) -> 0.88888889 | K17: =(SUMIF(Resultados_Apertura!$E$2:$E$154, E16, Resultados_Apertura!$D$2:$D$154) + SUMIF($E$2:$E15, E16, $D$2:$D15)) / (COUNTIF(Resultados_Apertura!$E$2:$E$154, E16) + COUNTIF($E$2:$E15, E16)) -> 1.2222222 | L17: =(SUMIF(Resultados_Apertura!$E$2:$E$154, E16, Resultados_Apertura!$C$2:$C$154) + SUMIF($E$2:$E15, E16, $C$2:$C15)) / (COUNTIF(Resultados_Apertura!$E$2:$E$154, E16) + COUNTIF($E$2:$E15, E16)) -> 2 | M17: =((I17 * L17) / Formulas!$D$2) * IF(H17>=2000, 1.2, IF(H17>=1000, 1.1, 1)) -> 2.7606009 | N17: =((K17 * J17) / Formulas!$D$6) * IF(H17>=2000, 0.75, IF(H17>=1000, 0.85, 1)) -> 0.85383108
A18: Jornada 2 | B18: Comerciantes Unidos | C18: 2 | D18: 2 | E18: Alianza Lima | F18: Cutervo | G18: =VLOOKUP(B18,Resultados_Apertura!$B$2:$H$154,6,FALSE) -> 2637 | H18: =VLOOKUP(E18,Resultados_Apertura!$E$2:$H$154,4,FALSE) -> 150 | I18: =(SUMIF(Resultados_Apertura!$B$2:$B$154, B17, Resultados_Apertura!$C$2:$C$154) + SUMIF($B$2:$B16, B17, $C$2:$C16)) / (COUNTIF(Resultados_Apertura!$B$2:$B$154, B17) + COUNTIF($B$2:$B16, B17)) -> 1.125 | J18: =(SUMIF(Resultados_Apertura!$B$2:$B$154, B17, Resultados_Apertura!$D$2:$D$154) + SUMIF($B$2:$B16, B17, $D$2:$D16)) / (COUNTIF(Resultados_Apertura!$B$2:$B$154, B17) + COUNTIF($B$2:$B16, B17)) -> 1 | K18: =(SUMIF(Resultados_Apertura!$E$2:$E$154, E17, Resultados_Apertura!$D$2:$D$154) + SUMIF($E$2:$E16, E17, $D$2:$D16)) / (COUNTIF(Resultados_Apertura!$E$2:$E$154, E17) + COUNTIF($E$2:$E16, E17)) -> 0.44444444 | L18: =(SUMIF(Resultados_Apertura!$E$2:$E$154, E17, Resultados_Apertura!$C$2:$C$154) + SUMIF($E$2:$E16, E17, $C$2:$C16)) / (COUNTIF(Resultados_Apertura!$E$2:$E$154, E17) + COUNTIF($E$2:$E16, E17)) -> 1.6666667 | M18: =((I18 * L18) / Formulas!$D$2) * IF(H18>=2000, 1.2, IF(H18>=1000, 1.1, 1)) -> 1.114477 | N18: =((K18 * J18) / Formulas!$D$6) * IF(H18>=2000, 0.75, IF(H18>=1000, 0.85, 1)) -> 0.41093474
A19: Jornada 2 | B19: Deportivo Garcilaso | C19: 2 | D19: 1 | E19: FC Cajamarca | F19: Cusco | G19: =VLOOKUP(B19,Resultados_Apertura!$B$2:$H$154,6,FALSE) -> 3399 | H19: =VLOOKUP(E19,Resultados_Apertura!$E$2:$H$154,4,FALSE) -> 2750 | I19: =(SUMIF(Resultados_Apertura!$B$2:$B$154, B18, Resultados_Apertura!$C$2:$C$154) + SUMIF($B$2:$B17, B18, $C$2:$C17)) / (COUNTIF(Resultados_Apertura!$B$2:$B$154, B18) + COUNTIF($B$2:$B17, B18)) -> 1 | J19: =(SUMIF(Resultados_Apertura!$B$2:$B$154, B18, Resultados_Apertura!$D$2:$D$154) + SUMIF($B$2:$B17, B18, $D$2:$D17)) / (COUNTIF(Resultados_Apertura!$B$2:$B$154, B18) + COUNTIF($B$2:$B17, B18)) -> 0.55555556 | K19: =(SUMIF(Resultados_Apertura!$E$2:$E$154, E18, Resultados_Apertura!$D$2:$D$154) + SUMIF($E$2:$E17, E18, $D$2:$D17)) / (COUNTIF(Resultados_Apertura!$E$2:$E$154, E18) + COUNTIF($E$2:$E17, E18)) -> 0.88888889 | L19: =(SUMIF(Resultados_Apertura!$E$2:$E$154, E18, Resultados_Apertura!$C$2:$C$154) + SUMIF($E$2:$E17, E18, $C$2:$C17)) / (COUNTIF(Resultados_Apertura!$E$2:$E$154, E18) + COUNTIF($E$2:$E17, E18)) -> 0.44444444 | M19: =((I19 * L19) / Formulas!$D$2) * IF(H19>=2000, 1.2, IF(H19>=1000, 1.1, 1)) -> 0.3170068 | N19: =((K19 * J19) / Formulas!$D$6) * IF(H19>=2000, 0.75, IF(H19>=1000, 0.85, 1)) -> 0.34244562
A20: Jornada 3 | B20: Chankas CYC | C20: 3 | D20: 2 | E20: Comerciantes Unidos | F20: Andahuaylas | G20: =VLOOKUP(B20,Resultados_Apertura!$B$2:$H$154,6,FALSE) -> 2926 | H20: =VLOOKUP(E20,Resultados_Apertura!$E$2:$H$154,4,FALSE) -> 2637 | I20: =(SUMIF(Resultados_Apertura!$B$2:$B$154, B19, Resultados_Apertura!$C$2:$C$154) + SUMIF($B$2:$B18, B19, $C$2:$C18)) / (COUNTIF(Resultados_Apertura!$B$2:$B$154, B19) + COUNTIF($B$2:$B18, B19)) -> 1.8888889 | J20: =(SUMIF(Resultados_Apertura!$B$2:$B$154, B19, Resultados_Apertura!$D$2:$D$154) + SUMIF($B$2:$B18, B19, $D$2:$D18)) / (COUNTIF(Resultados_Apertura!$B$2:$B$154, B19) + COUNTIF($B$2:$B18, B19)) -> 1 | K20: =(SUMIF(Resultados_Apertura!$E$2:$E$154, E19, Resultados_Apertura!$D$2:$D$154) + SUMIF($E$2:$E18, E19, $D$2:$D18)) / (COUNTIF(Resultados_Apertura!$E$2:$E$154, E19) + COUNTIF($E$2:$E18, E19)) -> 0.77777778 | L20: =(SUMIF(Resultados_Apertura!$E$2:$E$154, E19, Resultados_Apertura!$C$2:$C$154) + SUMIF($E$2:$E18, E19, $C$2:$C18)) / (COUNTIF(Resultados_Apertura!$E$2:$E$154, E19) + COUNTIF($E$2:$E18, E19)) -> 1.6666667 | M20: =((I20 * L20) / Formulas!$D$2) * IF(H20>=2000, 1.2, IF(H20>=1000, 1.1, 1)) -> 2.2454649 | N20: =((K20 * J20) / Formulas!$D$6) * IF(H20>=2000, 0.75, IF(H20>=1000, 0.85, 1)) -> 0.53935185
A21: Jornada 3 | B21: FC Cajamarca | C21: 0 | D21: 2 | E21: Sport Huancayo | F21: Cajamarca | G21: =VLOOKUP(B21,Resultados_Apertura!$B$2:$H$154,6,FALSE) -> 2750 | H21: =VLOOKUP(E21,Resultados_Apertura!$E$2:$H$154,4,FALSE) -> 3259 | I21: =(SUMIF(Resultados_Apertura!$B$2:$B$154, B20, Resultados_Apertura!$C$2:$C$154) + SUMIF($B$2:$B19, B20, $C$2:$C19)) / (COUNTIF(Resultados_Apertura!$B$2:$B$154, B20) + COUNTIF($B$2:$B19, B20)) -> 1.7 | J21: =(SUMIF(Resultados_Apertura!$B$2:$B$154, B20, Resultados_Apertura!$D$2:$D$154) + SUMIF($B$2:$B19, B20, $D$2:$D19)) / (COUNTIF(Resultados_Apertura!$B$2:$B$154, B20) + COUNTIF($B$2:$B19, B20)) -> 0.8 | K21: =(SUMIF(Resultados_Apertura!$E$2:$E$154, E20, Resultados_Apertura!$D$2:$D$154) + SUMIF($E$2:$E19, E20, $D$2:$D19)) / (COUNTIF(Resultados_Apertura!$E$2:$E$154, E20) + COUNTIF($E$2:$E19, E20)) -> 1.2222222 | L21: =(SUMIF(Resultados_Apertura!$E$2:$E$154, E20, Resultados_Apertura!$C$2:$C$154) + SUMIF($E$2:$E19, E20, $C$2:$C19)) / (COUNTIF(Resultados_Apertura!$E$2:$E$154, E20) + COUNTIF($E$2:$E19, E20)) -> 1.8888889 | M21: =((I21 * L21) / Formulas!$D$2) * IF(H21>=2000, 1.2, IF(H21>=1000, 1.1, 1)) -> 2.2903741 | N21: =((K21 * J21) / Formulas!$D$6) * IF(H21>=2000, 0.75, IF(H21>=1000, 0.85, 1)) -> 0.67804233
A22: Jornada 3 | B22: Atlético Grau | C22: 0 | D22: 1 | E22: Sport Boys | F22: Sullana | G22: =VLOOKUP(B22,Resultados_Apertura!$B$2:$H$154,6,FALSE) -> 29 | H22: =VLOOKUP(E22,Resultados_Apertura!$E$2:$H$154,4,FALSE) -> 5 | I22: =(SUMIF(Resultados_Apertura!$B$2:$B$154, B21, Resultados_Apertura!$C$2:$C$154) + SUMIF($B$2:$B20, B21, $C$2:$C20)) / (COUNTIF(Resultados_Apertura!$B$2:$B$154, B21) + COUNTIF($B$2:$B20, B21)) -> 2 | J22: =(SUMIF(Resultados_Apertura!$B$2:$B$154, B21, Resultados_Apertura!$D$2:$D$154) + SUMIF($B$2:$B20, B21, $D$2:$D20)) / (COUNTIF(Resultados_Apertura!$B$2:$B$154, B21) + COUNTIF($B$2:$B20, B21)) -> 1.6666667 | K22: =(SUMIF(Resultados_Apertura!$E$2:$E$154, E21, Resultados_Apertura!$D$2:$D$154) + SUMIF($E$2:$E20, E21, $D$2:$D20)) / (COUNTIF(Resultados_Apertura!$E$2:$E$154, E21) + COUNTIF($E$2:$E20, E21)) -> 1 | L22: =(SUMIF(Resultados_Apertura!$E$2:$E$154, E21, Resultados_Apertura!$C$2:$C$154) + SUMIF($E$2:$E20, E21, $C$2:$C20)) / (COUNTIF(Resultados_Apertura!$E$2:$E$154, E21) + COUNTIF($E$2:$E20, E21)) -> 2.4 | M22: =((I22 * L22) / Formulas!$D$2) * IF(H22>=2000, 1.2, IF(H22>=1000, 1.1, 1)) -> 2.8530612 | N22: =((K22 * J22) / Formulas!$D$6) * IF(H22>=2000, 0.75, IF(H22>=1000, 0.85, 1)) -> 1.5410053
... A82: Jornada 9 | B82: ADT | C82: 2 | D82: 1 | E82: Cienciano | F82: Tarma | G82: =VLOOKUP(B82,Resultados_Apertura!$B$2:$H$154,6,FALSE) -> 3050 | H82: =VLOOKUP(E82,Resultados_Apertura!$E$2:$H$154,4,FALSE) -> 3399 | I82: =(SUMIF(Resultados_Apertura!$B$2:$B$154, B81, Resultados_Apertura!$C$2:$C$154) + SUMIF($B$2:$B80, B81, $C$2:$C80)) / (COUNTIF(Resultados_Apertura!$B$2:$B$154, B81) + COUNTIF($B$2:$B80, B81)) -> 1.0833333 | J82: =(SUMIF(Resultados_Apertura!$B$2:$B$154, B81, Resultados_Apertura!$D$2:$D$154) + SUMIF($B$2:$B80, B81, $D$2:$D80)) / (COUNTIF(Resultados_Apertura!$B$2:$B$154, B81) + COUNTIF($B$2:$B80, B81)) -> 0.66666667 | K82: =(SUMIF(Resultados_Apertura!$E$2:$E$154, E81, Resultados_Apertura!$D$2:$D$154) + SUMIF($E$2:$E80, E81, $D$2:$D80)) / (COUNTIF(Resultados_Apertura!$E$2:$E$154, E81) + COUNTIF($E$2:$E80, E81)) -> 1.2307692 | L82: =(SUMIF(Resultados_Apertura!$E$2:$E$154, E81, Resultados_Apertura!$C$2:$C$154) + SUMIF($E$2:$E80, E81, $C$2:$C80)) / (COUNTIF(Resultados_Apertura!$E$2:$E$154, E81) + COUNTIF($E$2:$E80, E81)) -> 1.6923077 | M82: =((I82 * L82) / Formulas!$D$2) * IF(H82>=2000, 1.2, IF(H82>=1000, 1.1, 1)) -> 1.3076531 | N82: =((K82 * J82) / Formulas!$D$6) * IF(H82>=2000, 0.75, IF(H82>=1000, 0.85, 1)) -> 0.56898657
A83: Jornada 10 | B83: Alianza Atlético | C83: 2 | D83: 1 | E83: Comerciantes Unidos | F83: Sullana | G83: =VLOOKUP(B83,Resultados_Apertura!$B$2:$H$154,6,FALSE) -> 60 | H83: =VLOOKUP(E83,Resultados_Apertura!$E$2:$H$154,4,FALSE) -> 2637 | I83: =(SUMIF(Resultados_Apertura!$B$2:$B$154, B81, Resultados_Apertura!$C$2:$C$154) + SUMIF($B$2:$B80, B81, $C$2:$C80)) / (COUNTIF(Resultados_Apertura!$B$2:$B$154, B81) + COUNTIF($B$2:$B80, B81)) -> 1.0833333 | J83: =(SUMIF(Resultados_Apertura!$B$2:$B$154, B81, Resultados_Apertura!$D$2:$D$154) + SUMIF($B$2:$B80, B81, $D$2:$D80)) / (COUNTIF(Resultados_Apertura!$B$2:$B$154, B81) + COUNTIF($B$2:$B80, B81)) -> 0.66666667 | K83: =(SUMIF(Resultados_Apertura!$E$2:$E$154, E81, Resultados_Apertura!$D$2:$D$154) + SUMIF($E$2:$E80, E81, $D$2:$D80)) / (COUNTIF(Resultados_Apertura!$E$2:$E$154, E81) + COUNTIF($E$2:$E80, E81)) -> 1.2307692 | L83: =(SUMIF(Resultados_Apertura!$E$2:$E$154, E81, Resultados_Apertura!$C$2:$C$154) + SUMIF($E$2:$E80, E81, $C$2:$C80)) / (COUNTIF(Resultados_Apertura!$E$2:$E$154, E81) + COUNTIF($E$2:$E80, E81)) -> 1.6923077 | M83: =((I83 * L83) / Formulas!$D$2) * IF(H83>=2000, 1.2, IF(H83>=1000, 1.1, 1)) -> 1.3076531 | N83: =((K83 * J83) / Formulas!$D$6) * IF(H83>=2000, 0.75, IF(H83>=1000, 0.85, 1)) -> 0.56898657
A84: Jornada 10 | B84: Alianza Lima | C84: 2 | D84: 0 | E84: ADT | F84: Lima | G84: =VLOOKUP(B84,Resultados_Apertura!$B$2:$H$154,6,FALSE) -> 150 | H84: =VLOOKUP(E84,Resultados_Apertura!$E$2:$H$154,4,FALSE) -> 3050 | I84: =(SUMIF(Resultados_Apertura!$B$2:$B$154, B83, Resultados_Apertura!$C$2:$C$154) + SUMIF($B$2:$B81, B83, $C$2:$C81)) / (COUNTIF(Resultados_Apertura!$B$2:$B$154, B83) + COUNTIF($B$2:$B81, B83)) -> 1.75 | J84: =(SUMIF(Resultados_Apertura!$B$2:$B$154, B83, Resultados_Apertura!$D$2:$D$154) + SUMIF($B$2:$B81, B83, $D$2:$D81)) / (COUNTIF(Resultados_Apertura!$B$2:$B$154, B83) + COUNTIF($B$2:$B81, B83)) -> 0.75 | K84: =(SUMIF(Resultados_Apertura!$E$2:$E$154, E83, Resultados_Apertura!$D$2:$D$154) + SUMIF($E$2:$E81, E83, $D$2:$D81)) / (COUNTIF(Resultados_Apertura!$E$2:$E$154, E83) + COUNTIF($E$2:$E81, E83)) -> 1.3846154 | L84: =(SUMIF(Resultados_Apertura!$E$2:$E$154, E83, Resultados_Apertura!$C$2:$C$154) + SUMIF($E$2:$E81, E83, $C$2:$C81)) / (COUNTIF(Resultados_Apertura!$E$2:$E$154, E83) + COUNTIF($E$2:$E81, E83)) -> 1.8461538 | M84: =((I84 * L84) / Formulas!$D$2) * IF(H84>=2000, 1.2, IF(H84>=1000, 1.1, 1)) -> 2.3043956 | N84: =((K84 * J84) / Formulas!$D$6) * IF(H84>=2000, 0.75, IF(H84>=1000, 0.85, 1)) -> 0.72012363
A85: Jornada 10 | B85: FC Cajamarca | C85: 1 | D85: 2 | E85: Cusco FC | F85: Cajamarca | G85: =VLOOKUP(B85,Resultados_Apertura!$B$2:$H$154,6,FALSE) -> 2750 | H85: =VLOOKUP(E85,Resultados_Apertura!$E$2:$H$154,4,FALSE) -> 3399 | I85: =(SUMIF(Resultados_Apertura!$B$2:$B$154, B84, Resultados_Apertura!$C$2:$C$154) + SUMIF($B$2:$B83, B84, $C$2:$C83)) / (COUNTIF(Resultados_Apertura!$B$2:$B$154, B84) + COUNTIF($B$2:$B83, B84)) -> 2.2307692 | J85: =(SUMIF(Resultados_Apertura!$B$2:$B$154, B84, Resultados_Apertura!$D$2:$D$154) + SUMIF($B$2:$B83, B84, $D$2:$D83)) / (COUNTIF(Resultados_Apertura!$B$2:$B$154, B84) + COUNTIF($B$2:$B83, B84)) -> 0.69230769 | K85: =(SUMIF(Resultados_Apertura!$E$2:$E$154, E84, Resultados_Apertura!$D$2:$D$154) + SUMIF($E$2:$E83, E84, $D$2:$D83)) / (COUNTIF(Resultados_Apertura!$E$2:$E$154, E84) + COUNTIF($E$2:$E83, E84)) -> 0.83333333 | L85: =(SUMIF(Resultados_Apertura!$E$2:$E$154, E84, Resultados_Apertura!$C$2:$C$154) + SUMIF($E$2:$E83, E84, $C$2:$C83)) / (COUNTIF(Resultados_Apertura!$E$2:$E$154, E84) + COUNTIF($E$2:$E83, E84)) -> 1.9166667 | M85: =((I85 * L85) / Formulas!$D$2) * IF(H85>=2000, 1.2, IF(H85>=1000, 1.1, 1)) -> 3.0496664 | N85: =((K85 * J85) / Formulas!$D$6) * IF(H85>=2000, 0.75, IF(H85>=1000, 0.85, 1)) -> 0.40006868
A86: Jornada 10 | B86: Sporting Cristal | C86: 3 | D86: 1 | E86: Atlético Grau | F86: Lima | G86: =VLOOKUP(B86,Resultados_Apertura!$B$2:$H$154,6,FALSE) -> 150 | H86: =VLOOKUP(E86,Resultados_Apertura!$E$2:$H$154,4,FALSE) -> 29 | I86: =(SUMIF(Resultados_Apertura!$B$2:$B$154, B85, Resultados_Apertura!$C$2:$C$154) + SUMIF($B$2:$B84, B85, $C$2:$C84)) / (COUNTIF(Resultados_Apertura!$B$2:$B$154, B85) + COUNTIF($B$2:$B84, B85)) -> 1.7692308 | J86: =(SUMIF(Resultados_Apertura!$B$2:$B$154, B85, Resultados_Apertura!$D$2:$D$154) + SUMIF($B$2:$B84, B85, $D$2:$D84)) / (COUNTIF(Resultados_Apertura!$B$2:$B$154, B85) + COUNTIF($B$2:$B84, B85)) -> 2.1538462 | K86: =(SUMIF(Resultados_Apertura!$E$2:$E$154, E85, Resultados_Apertura!$D$2:$D$154) + SUMIF($E$2:$E84, E85, $D$2:$D84)) / (COUNTIF(Resultados_Apertura!$E$2:$E$154, E85) + COUNTIF($E$2:$E84, E85)) -> 1.1538462 | L86: =(SUMIF(Resultados_Apertura!$E$2:$E$154, E85, Resultados_Apertura!$C$2:$C$154) + SUMIF($E$2:$E84, E85, $C$2:$C84)) / (COUNTIF(Resultados_Apertura!$E$2:$E$154, E85) + COUNTIF($E$2:$E84, E85)) -> 2.1538462 | M86: =((I86 * L86) / Formulas!$D$2) * IF(H86>=2000, 1.2, IF(H86>=1000, 1.1, 1)) -> 2.2650042 | N86: =((K86 * J86) / Formulas!$D$6) * IF(H86>=2000, 0.75, IF(H86>=1000, 0.85, 1)) -> 2.2978304
A87: Jornada 10 | B87: Deportivo Garcilaso | C87: 4 | D87: 0 | E87: Universitario | F87: Cusco | G87: =VLOOKUP(B87,Resultados_Apertura!$B$2:$H$154,6,FALSE) -> 3399 | H87: =VLOOKUP(E87,Resultados_Apertura!$E$2:$H$154,4,FALSE) -> 150 | I87: =(SUMIF(Resultados_Apertura!$B$2:$B$154, B86, Resultados_Apertura!$C$2:$C$154) + SUMIF($B$2:$B85, B86, $C$2:$C85)) / (COUNTIF(Resultados_Apertura!$B$2:$B$154, B86) + COUNTIF($B$2:$B85, B86)) -> 2.4166667 | J87: =(SUMIF(Resultados_Apertura!$B$2:$B$154, B86, Resultados_Apertura!$D$2:$D$154) + SUMIF($B$2:$B85, B86, $D$2:$D85)) / (COUNTIF(Resultados_Apertura!$B$2:$B$154, B86) + COUNTIF($B$2:$B85, B86)) -> 1.0833333 | K87: =(SUMIF(Resultados_Apertura!$E$2:$E$154, E86, Resultados_Apertura!$D$2:$D$154) + SUMIF($E$2:$E85, E86, $D$2:$D85)) / (COUNTIF(Resultados_Apertura!$E$2:$E$154, E86) + COUNTIF($E$2:$E85, E86)) -> 0.69230769 | L87: =(SUMIF(Resultados_Apertura!$E$2:$E$154, E86, Resultados_Apertura!$C$2:$C$154) + SUMIF($E$2:$E85, E86, $C$2:$C85)) / (COUNTIF(Resultados_Apertura!$E$2:$E$154, E86) + COUNTIF($E$2:$E85, E86)) -> 1.4615385 | M87: =((I87 * L87) / Formulas!$D$2) * IF(H87>=2000, 1.2, IF(H87>=1000, 1.1, 1)) -> 2.099408 | N87: =((K87 * J87) / Formulas!$D$6) * IF(H87>=2000, 0.75, IF(H87>=1000, 0.85, 1)) -> 0.69345238
A88: Jornada 10 | B88: Melgar | C88: 1 | D88: 1 | E88: Sport Boys | F88: Arequipa | G88: =VLOOKUP(B88,Resultados_Apertura!$B$2:$H$154,6,FALSE) -> 2335 | H88: =VLOOKUP(E88,Resultados_Apertura!$E$2:$H$154,4,FALSE) -> 5 | I88: =(SUMIF(Resultados_Apertura!$B$2:$B$154, B87, Resultados_Apertura!$C$2:$C$154) + SUMIF($B$2:$B86, B87, $C$2:$C86)) / (COUNTIF(Resultados_Apertura!$B$2:$B$154, B87) + COUNTIF($B$2:$B86, B87)) -> 2.2307692 | J88: =(SUMIF(Resultados_Apertura!$B$2:$B$154, B87, Resultados_Apertura!$D$2:$D$154) + SUMIF($B$2:$B86, B87, $D$2:$D86)) / (COUNTIF(Resultados_Apertura!$B$2:$B$154, B87) + COUNTIF($B$2:$B86, B87)) -> 1 | K88: =(SUMIF(Resultados_Apertura!$E$2:$E$154, E87, Resultados_Apertura!$D$2:$D$154) + SUMIF($E$2:$E86, E87, $D$2:$D86)) / (COUNTIF(Resultados_Apertura!$E$2:$E$154, E87) + COUNTIF($E$2:$E86, E87)) -> 1.5384615 | L88: =(SUMIF(Resultados_Apertura!$E$2:$E$154, E87, Resultados_Apertura!$C$2:$C$154) + SUMIF($E$2:$E86, E87, $C$2:$C86)) / (COUNTIF(Resultados_Apertura!$E$2:$E$154, E87) + COUNTIF($E$2:$E86, E87)) -> 1.3076923 | M88: =((I88 * L88) / Formulas!$D$2) * IF(H88>=2000, 1.2, IF(H88>=1000, 1.1, 1)) -> 1.733924 | N88: =((K88 * J88) / Formulas!$D$6) * IF(H88>=2000, 0.75, IF(H88>=1000, 0.85, 1)) -> 1.4224664
A89: Jornada 10 | B89: Sport Huancayo | C89: 3 | D89: 2 | E89: UTC Cajamarca | F89: Huancayo | G89: =VLOOKUP(B89,Resultados_Apertura!$B$2:$H$154,6,FALSE) -> 3259 | H89: =VLOOKUP(E89,Resultados_Apertura!$E$2:$H$154,4,FALSE) -> 2750 | I89: =(SUMIF(Resultados_Apertura!$B$2:$B$154, B88, Resultados_Apertura!$C$2:$C$154) + SUMIF($B$2:$B87, B88, $C$2:$C87)) / (COUNTIF(Resultados_Apertura!$B$2:$B$154, B88) + COUNTIF($B$2:$B87, B88)) -> 2.0769231 | J89: =(SUMIF(Resultados_Apertura!$B$2:$B$154, B88, Resultados_Apertura!$D$2:$D$154) + SUMIF($B$2:$B87, B88, $D$2:$D87)) / (COUNTIF(Resultados_Apertura!$B$2:$B$154, B88) + COUNTIF($B$2:$B87, B88)) -> 1.0769231 | K89: =(SUMIF(Resultados_Apertura!$E$2:$E$154, E88, Resultados_Apertura!$D$2:$D$154) + SUMIF($E$2:$E87, E88, $D$2:$D87)) / (COUNTIF(Resultados_Apertura!$E$2:$E$154, E88) + COUNTIF($E$2:$E87, E88)) -> 0.75 | L89: =(SUMIF(Resultados_Apertura!$E$2:$E$154, E88, Resultados_Apertura!$C$2:$C$154) + SUMIF($E$2:$E87, E88, $C$2:$C87)) / (COUNTIF(Resultados_Apertura!$E$2:$E$154, E88) + COUNTIF($E$2:$E87, E88)) -> 1.5 | M89: =((I89 * L89) / Formulas!$D$2) * IF(H89>=2000, 1.2, IF(H89>=1000, 1.1, 1)) -> 2.2220958 | N89: =((K89 * J89) / Formulas!$D$6) * IF(H89>=2000, 0.75, IF(H89>=1000, 0.85, 1)) -> 0.56009615
A90: Jornada 10 | B90: Juan Pablo II College | C90: 4 | D90: 0 | E90: CD Moquegua | F90: Chongoyape | G90: =VLOOKUP(B90,Resultados_Apertura!$B$2:$H$154,6,FALSE) -> 209 | H90: =VLOOKUP(E90,Resultados_Apertura!$E$2:$H$154,4,FALSE) -> 1410 | I90: =(SUMIF(Resultados_Apertura!$B$2:$B$154, B89, Resultados_Apertura!$C$2:$C$154) + SUMIF($B$2:$B88, B89, $C$2:$C88)) / (COUNTIF(Resultados_Apertura!$B$2:$B$154, B89) + COUNTIF($B$2:$B88, B89)) -> 1.4166667 | J90: =(SUMIF(Resultados_Apertura!$B$2:$B$154, B89, Resultados_Apertura!$D$2:$D$154) + SUMIF($B$2:$B88, B89, $D$2:$D88)) / (COUNTIF(Resultados_Apertura!$B$2:$B$154, B89) + COUNTIF($B$2:$B88, B89)) -> 1.0833333 | K90: =(SUMIF(Resultados_Apertura!$E$2:$E$154, E89, Resultados_Apertura!$D$2:$D$154) + SUMIF($E$2:$E88, E89, $D$2:$D88)) / (COUNTIF(Resultados_Apertura!$E$2:$E$154, E89) + COUNTIF($E$2:$E88, E89)) -> 1.2307692 | L90: =(SUMIF(Resultados_Apertura!$E$2:$E$154, E89, Resultados_Apertura!$C$2:$C$154) + SUMIF($E$2:$E88, E89, $C$2:$C88)) / (COUNTIF(Resultados_Apertura!$E$2:$E$154, E89) + COUNTIF($E$2:$E88, E89)) -> 2.2307692 | M90: =((I90 * L90) / Formulas!$D$2) * IF(H90>=2000, 1.2, IF(H90>=1000, 1.1, 1)) -> 2.0662595 | N90: =((K90 * J90) / Formulas!$D$6) * IF(H90>=2000, 0.75, IF(H90>=1000, 0.85, 1)) -> 1.0478836
A91: Jornada 11 | B91: CD Moquegua | C91: 0 | D91: 2 | E91: Cienciano | F91: Moquegua | G91: =VLOOKUP(B91,Resultados_Apertura!$B$2:$H$154,6,FALSE) -> 1410 | H91: =VLOOKUP(E91,Resultados_Apertura!$E$2:$H$154,4,FALSE) -> 3399 | I91: =(SUMIF(Resultados_Apertura!$B$2:$B$154, B90, Resultados_Apertura!$C$2:$C$154) + SUMIF($B$2:$B89, B90, $C$2:$C89)) / (COUNTIF(Resultados_Apertura!$B$2:$B$154, B90) + COUNTIF($B$2:$B89, B90)) -> 1.6153846 | J91: =(SUMIF(Resultados_Apertura!$B$2:$B$154, B90, Resultados_Apertura!$D$2:$D$154) + SUMIF($B$2:$B89, B90, $D$2:$D89)) / (COUNTIF(Resultados_Apertura!$B$2:$B$154, B90) + COUNTIF($B$2:$B89, B90)) -> 1.6153846 | K91: =(SUMIF(Resultados_Apertura!$E$2:$E$154, E90, Resultados_Apertura!$D$2:$D$154) + SUMIF($E$2:$E89, E90, $D$2:$D89)) / (COUNTIF(Resultados_Apertura!$E$2:$E$154, E90) + COUNTIF($E$2:$E89, E90)) -> 0.46153846 | L91: =(SUMIF(Resultados_Apertura!$E$2:$E$154, E90, Resultados_Apertura!$C$2:$C$154) + SUMIF($E$2:$E89, E90, $C$2:$C89)) / (COUNTIF(Resultados_Apertura!$E$2:$E$154, E90) + COUNTIF($E$2:$E89, E90)) -> 1.4615385 | M91: =((I91 * L91) / Formulas!$D$2) * IF(H91>=2000, 1.2, IF(H91>=1000, 1.1, 1)) -> 1.6839814 | N91: =((K91 * J91) / Formulas!$D$6) * IF(H91>=2000, 0.75, IF(H91>=1000, 0.85, 1)) -> 0.51701183
A92: Jornada 11 | B92: Atlético Grau | C92: 0 | D92: 0 | E92: Chankas CYC | F92: Sullana | G92: =VLOOKUP(B92,Resultados_Apertura!$B$2:$H$154,6,FALSE) -> 29 | H92: =VLOOKUP(E92,Resultados_Apertura!$E$2:$H$154,4,FALSE) -> 2926 | I92: =(SUMIF(Resultados_Apertura!$B$2:$B$154, B91, Resultados_Apertura!$C$2:$C$154) + SUMIF($B$2:$B90, B91, $C$2:$C90)) / (COUNTIF(Resultados_Apertura!$B$2:$B$154, B91) + COUNTIF($B$2:$B90, B91)) -> 1.3846154 | J92: =(SUMIF(Resultados_Apertura!$B$2:$B$154, B91, Resultados_Apertura!$D$2:$D$154) + SUMIF($B$2:$B90, B91, $D$2:$D90)) / (COUNTIF(Resultados_Apertura!$B$2:$B$154, B91) + COUNTIF($B$2:$B90, B91)) -> 1.3846154 | K92: =(SUMIF(Resultados_Apertura!$E$2:$E$154, E91, Resultados_Apertura!$D$2:$D$154) + SUMIF($E$2:$E90, E91, $D$2:$D90)) / (COUNTIF(Resultados_Apertura!$E$2:$E$154, E91) + COUNTIF($E$2:$E90, E91)) -> 1.4615385 | L92: =(SUMIF(Resultados_Apertura!$E$2:$E$154, E91, Resultados_Apertura!$C$2:$C$154) + SUMIF($E$2:$E90, E91, $C$2:$C90)) / (COUNTIF(Resultados_Apertura!$E$2:$E$154, E91) + COUNTIF($E$2:$E90, E91)) -> 1.9230769 | M92: =((I92 * L92) / Formulas!$D$2) * IF(H92>=2000, 1.2, IF(H92>=1000, 1.1, 1)) -> 1.8992271 | N92: =((K92 * J92) / Formulas!$D$6) * IF(H92>=2000, 0.75, IF(H92>=1000, 0.85, 1)) -> 1.4033178
A93: Jornada 11 | B93: Deportivo Garcilaso | C93: 0 | D93: 1 | E93: Sport Huancayo | F93: Cusco | G93: =VLOOKUP(B93,Resultados_Apertura!$B$2:$H$154,6,FALSE) -> 3399 | H93: =VLOOKUP(E93,Resultados_Apertura!$E$2:$H$154,4,FALSE) -> 3259 | I93: =(SUMIF(Resultados_Apertura!$B$2:$B$154, B92, Resultados_Apertura!$C$2:$C$154) + SUMIF($B$2:$B91, B92, $C$2:$C91)) / (COUNTIF(Resultados_Apertura!$B$2:$B$154, B92) + COUNTIF($B$2:$B91, B92)) -> 1.2307692 | J93: =(SUMIF(Resultados_Apertura!$B$2:$B$154, B92, Resultados_Apertura!$D$2:$D$154) + SUMIF($B$2:$B91, B92, $D$2:$D91)) / (COUNTIF(Resultados_Apertura!$B$2:$B$154, B92) + COUNTIF($B$2:$B91, B92)) -> 0.69230769 | K93: =(SUMIF(Resultados_Apertura!$E$2:$E$154, E92, Resultados_Apertura!$D$2:$D$154) + SUMIF($E$2:$E91, E92, $D$2:$D91)) / (COUNTIF(Resultados_Apertura!$E$2:$E$154, E92) + COUNTIF($E$2:$E91, E92)) -> 0.91666667 | L93: =(SUMIF(Resultados_Apertura!$E$2:$E$154, E92, Resultados_Apertura!$C$2:$C$154) + SUMIF($E$2:$E91, E92, $C$2:$C91)) / (COUNTIF(Resultados_Apertura!$E$2:$E$154, E92) + COUNTIF($E$2:$E91, E92)) -> 2.0833333 | M93: =((I93 * L93) / Formulas!$D$2) * IF(H93>=2000, 1.2, IF(H93>=1000, 1.1, 1)) -> 1.8288854 | N93: =((K93 * J93) / Formulas!$D$6) * IF(H93>=2000, 0.75, IF(H93>=1000, 0.85, 1)) -> 0.44007555
A94: Jornada 11 | B94: ADT | C94: 0 | D94: 0 | E94: FC Cajamarca | F94: Tarma | G94: =VLOOKUP(B94,Resultados_Apertura!$B$2:$H$154,6,FALSE) -> 3050 | H94: =VLOOKUP(E94,Resultados_Apertura!$E$2:$H$154,4,FALSE) -> 2750 | I94: =(SUMIF(Resultados_Apertura!$B$2:$B$154, B93, Resultados_Apertura!$C$2:$C$154) + SUMIF($B$2:$B92, B93, $C$2:$C92)) / (COUNTIF(Resultados_Apertura!$B$2:$B$154, B93) + COUNTIF($B$2:$B92, B93)) -> 2.3571429 | J94: =(SUMIF(Resultados_Apertura!$B$2:$B$154, B93, Resultados_Apertura!$D$2:$D$154) + SUMIF($B$2:$B92, B93, $D$2:$D92)) / (COUNTIF(Resultados_Apertura!$B$2:$B$154, B93) + COUNTIF($B$2:$B92, B93)) -> 0.92857143 | K94: =(SUMIF(Resultados_Apertura!$E$2:$E$154, E93, Resultados_Apertura!$D$2:$D$154) + SUMIF($E$2:$E92, E93, $D$2:$D92)) / (COUNTIF(Resultados_Apertura!$E$2:$E$154, E93) + COUNTIF($E$2:$E92, E93)) -> 1.2142857 | L94: =(SUMIF(Resultados_Apertura!$E$2:$E$154, E93, Resultados_Apertura!$C$2:$C$154) + SUMIF($E$2:$E92, E93, $C$2:$C92)) / (COUNTIF(Resultados_Apertura!$E$2:$E$154, E93) + COUNTIF($E$2:$E92, E93)) -> 2.0714286 | M94: =((I94 * L94) / Formulas!$D$2) * IF(H94>=2000, 1.2, IF(H94>=1000, 1.1, 1)) -> 3.482627 | N94: =((K94 * J94) / Formulas!$D$6) * IF(H94>=2000, 0.75, IF(H94>=1000, 0.85, 1)) -> 0.78190294
A95: Jornada 11 | B95: Comerciantes Unidos | C95: 1 | D95: 1 | E95: Juan Pablo II College | F95: Cutervo | G95: =VLOOKUP(B95,Resultados_Apertura!$B$2:$H$154,6,FALSE) -> 2637 | H95: =VLOOKUP(E95,Resultados_Apertura!$E$2:$H$154,4,FALSE) -> 209 | I95: =(SUMIF(Resultados_Apertura!$B$2:$B$154, B94, Resultados_Apertura!$C$2:$C$154) + SUMIF($B$2:$B93, B94, $C$2:$C93)) / (COUNTIF(Resultados_Apertura!$B$2:$B$154, B94) + COUNTIF($B$2:$B93, B94)) -> 1.3571429 | J95: =(SUMIF(Resultados_Apertura!$B$2:$B$154, B94, Resultados_Apertura!$D$2:$D$154) + SUMIF($B$2:$B93, B94, $D$2:$D93)) / (COUNTIF(Resultados_Apertura!$B$2:$B$154, B94) + COUNTIF($B$2:$B93, B94)) -> 1.2142857 | K95: =(SUMIF(Resultados_Apertura!$E$2:$E$154, E94, Resultados_Apertura!$D$2:$D$154) + SUMIF($E$2:$E93, E94, $D$2:$D93)) / (COUNTIF(Resultados_Apertura!$E$2:$E$154, E94) + COUNTIF($E$2:$E93, E94)) -> 1.3076923 | L95: =(SUMIF(Resultados_Apertura!$E$2:$E$154, E94, Resultados_Apertura!$C$2:$C$154) + SUMIF($E$2:$E93, E94, $C$2:$C93)) / (COUNTIF(Resultados_Apertura!$E$2:$E$154, E94) + COUNTIF($E$2:$E93, E94)) -> 1.6923077 | M95: =((I95 * L95) / Formulas!$D$2) * IF(H95>=2000, 1.2, IF(H95>=1000, 1.1, 1)) -> 1.3651323 | N95: =((K95 * J95) / Formulas!$D$6) * IF(H95>=2000, 0.75, IF(H95>=1000, 0.85, 1)) -> 1.4681886
A96: Jornada 11 | B96: Universitario | C96: 2 | D96: 2 | E96: Melgar | F96: Lima | G96: =VLOOKUP(B96,Resultados_Apertura!$B$2:$H$154,6,FALSE) -> 150 | H96: =VLOOKUP(E96,Resultados_Apertura!$E$2:$H$154,4,FALSE) -> 2335 | I96: =(SUMIF(Resultados_Apertura!$B$2:$B$154, B95, Resultados_Apertura!$C$2:$C$154) + SUMIF($B$2:$B94, B95, $C$2:$C94)) / (COUNTIF(Resultados_Apertura!$B$2:$B$154, B95) + COUNTIF($B$2:$B94, B95)) -> 1.2307692 | J96: =(SUMIF(Resultados_Apertura!$B$2:$B$154, B95, Resultados_Apertura!$D$2:$D$154) + SUMIF($B$2:$B94, B95, $D$2:$D94)) / (COUNTIF(Resultados_Apertura!$B$2:$B$154, B95) + COUNTIF($B$2:$B94, B95)) -> 0.92307692 | K96: =(SUMIF(Resultados_Apertura!$E$2:$E$154, E95, Resultados_Apertura!$D$2:$D$154) + SUMIF($E$2:$E94, E95, $D$2:$D94)) / (COUNTIF(Resultados_Apertura!$E$2:$E$154, E95) + COUNTIF($E$2:$E94, E95)) -> 1.3076923 | L96: =(SUMIF(Resultados_Apertura!$E$2:$E$154, E95, Resultados_Apertura!$C$2:$C$154) + SUMIF($E$2:$E94, E95, $C$2:$C94)) / (COUNTIF(Resultados_Apertura!$E$2:$E$154, E95) + COUNTIF($E$2:$E94, E95)) -> 2.3846154 | M96: =((I96 * L96) / Formulas!$D$2) * IF(H96>=2000, 1.2, IF(H96>=1000, 1.1, 1)) -> 2.0933704 | N96: =((K96 * J96) / Formulas!$D$6) * IF(H96>=2000, 0.75, IF(H96>=1000, 0.85, 1)) -> 0.83706678
... A99: Jornada 11 | B99: Cusco FC | C99: 1 | D99: 2 | E99: Alianza Lima | F99: Cusco | G99: =VLOOKUP(B99,Resultados_Apertura!$B$2:$H$154,6,FALSE) -> 3399 | H99: =VLOOKUP(E99,Resultados_Apertura!$E$2:$H$154,4,FALSE) -> 150 | I99: =(SUMIF(Resultados_Apertura!$B$2:$B$154, B98, Resultados_Apertura!$C$2:$C$154) + SUMIF($B$2:$B97, B98, $C$2:$C97)) / (COUNTIF(Resultados_Apertura!$B$2:$B$154, B98) + COUNTIF($B$2:$B97, B98)) -> 1.3571429 | J99: =(SUMIF(Resultados_Apertura!$B$2:$B$154, B98, Resultados_Apertura!$D$2:$D$154) + SUMIF($B$2:$B97, B98, $D$2:$D97)) / (COUNTIF(Resultados_Apertura!$B$2:$B$154, B98) + COUNTIF($B$2:$B97, B98)) -> 0.5 | K99: =(SUMIF(Resultados_Apertura!$E$2:$E$154, E98, Resultados_Apertura!$D$2:$D$154) + SUMIF($E$2:$E97, E98, $D$2:$D97)) / (COUNTIF(Resultados_Apertura!$E$2:$E$154, E98) + COUNTIF($E$2:$E97, E98)) -> 1.2142857 | L99: =(SUMIF(Resultados_Apertura!$E$2:$E$154, E98, Resultados_Apertura!$C$2:$C$154) + SUMIF($E$2:$E97, E98, $C$2:$C97)) / (COUNTIF(Resultados_Apertura!$E$2:$E$154, E98) + COUNTIF($E$2:$E97, E98)) -> 1.7857143 | M99: =((I99 * L99) / Formulas!$D$2) * IF(H99>=2000, 1.2, IF(H99>=1000, 1.1, 1)) -> 1.4404805 | N99: =((K99 * J99) / Formulas!$D$6) * IF(H99>=2000, 0.75, IF(H99>=1000, 0.85, 1)) -> 0.56136621

Sheet Formulas
B2: mGoles Local = | C2: Total Goles anotados por los Locales | D2: =AVERAGE(Resultados_Apertura!C2:C154,Resultados_Clausura!C2:C81) -> 1.6824034
C3: Total Partidos Jugados (Apertura + Clausura a la fecha)
B6: mGoles Visita = | C6: Total Goles anotados por los Visitantes | D6: =AVERAGE(Resultados_Apertura!D2:D154,Resultados_Clausura!D2:D81) -> 1.0815451
C7: Total Partidos Jugados (Apertura + Clausura a la fecha)
B11: mLiga = | C11: Total Goles de la Liga | D11: =SUM(Resultados_Apertura!C2:D154,Resultados_Clausura!C2:D81)/COUNT(Resultados_Apertura!C2:C154,Resultados_Clausura!C2:C81) -> 2.7639485
C12: Total Partidos Jugados en la Liga

Sheet Tabla_Clausura
A1: Pos | B1: Club | C1: PJ | D1: PG | E1: PE | F1: PP | G1: GF | H1: GC | I1: DG | J1: Pts
A2: 1 | B2: Sporting Cristal | C2: 11 | D2: 7 | E2: 1 | F2: 3 | G2: 19 | H2: 12 | I2: =G2-H2 -> 7 | J2: =D2*3+E2*1 -> 22
A3: 2 | B3: Deportivo Garcilaso | C3: 11 | D3: 7 | E3: 1 | F3: 3 | G3: 14 | H3: 6 | I3: =G3-H3 -> 8 | J3: =D3*3+E3*1 -> 22
A4: 3 | B4: Alianza Atlético | C4: 11 | D4: 7 | E4: 1 | F4: 3 | G4: 15 | H4: 8 | I4: =G4-H4 -> 7 | J4: =D4*3+E4*1 -> 22
A5: 4 | B5: Sport Huancayo | C5: 11 | D5: 7 | E5: 1 | F5: 3 | G5: 13 | H5: 6 | I5: =G5-H5 -> 7 | J5: =D5*3+E5*1 -> 22
A6: 5 | B6: Universitario | C6: 11 | D6: 6 | E6: 3 | F6: 2 | G6: 17 | H6: 9 | I6: =G6-H6 -> 8 | J6: =D6*3+E6*1 -> 21
A7: 6 | B7: Juan Pablo II College | C7: 11 | D7: 5 | E7: 4 | F7: 2 | G7: 13 | H7: 10 | I7: =G7-H7 -> 3 | J7: =D7*3+E7*1 -> 19
A8: 7 | B8: Melgar | C8: 11 | D8: 5 | E8: 4 | F8: 2 | G8: 18 | H8: 16 | I8: =G8-H8 -> 2 | J8: =D8*3+E8*1 -> 19
A9: 8 | B9: Alianza Lima | C9: 11 | D9: 5 | E9: 4 | F9: 2 | G9: 18 | H9: 16 | I9: =G9-H9 -> 2 | J9: =D9*3+E9*1 -> 19
A10: 9 | B10: Sport Boys | C10: 11 | D10: 5 | E10: 3 | F10: 3 | G10: 17 | H10: 13 | I10: =G10-H10 -> 4 | J10: =D10*3+E10*1 -> 18
A11: 10 | B11: Cusco FC | C11: 11 | D11: 6 | E11: 0 | F11: 5 | G11: 16 | H11: 12 | I11: =G11-H11 -> 4 | J11: =D11*3+E11*1 -> 18
A12: 11 | B12: Atlético Grau | C12: 11 | D12: 5 | E12: 2 | F12: 4 | G12: 12 | H12: 10 | I12: =G12-H12 -> 2 | J12: =D12*3+E12*1 -> 17
A13: 12 | B13: Cienciano | C13: 11 | D13: 3 | E13: 2 | F13: 6 | G13: 17 | H13: 22 | I13: =G13-H13 -> -5 | J13: =D13*3+E13*1 -> 11
... A19: 18 | B19: UTC Cajamarca | C19: 11 | D19: 0 | E19: 2 | F19: 9 | G19: 5 | H19: 18 | I19: =G19-H19 -> -13 | J19: =D19*3+E19*1 -> 2

Sheet Tabla_Acumulada
A1: Rango | B1: Club | C1: PJ | D1: PG | E1: PE | F1: PP | G1: GF | H1: GC | I1: DG | J1: Pts | K1: Situación Actual
A2: 1 | B2: Alianza Lima | C2: 28 | D2: 17 | E2: 8 | F2: =C2-D2-E2 -> 3 | G2: 46 | H2: 19 | I2: =G2-H2 -> 27 | J2: =D2*3+E2*1 -> 59 | K2: Copa Libertadores (Fase de Grupos)
A3: 2 | B3: Universitario | C3: 28 | D3: 14 | E3: 8 | F3: =C3-D3-E3 -> 6 | G3: 45 | H3: 33 | I3: =G3-H3 -> 12 | J3: =D3*3+E3*1 -> 50 | K3: Copa Libertadores (Fase de Grupos)
A4: 3 | B4: Deportivo Garcilaso | C4: 28 | D4: 14 | E4: 6 | F4: =C4-D4-E4 -> 8 | G4: 39 | H4: 25 | I4: =G4-H4 -> 14 | J4: =D4*3+E4*1 -> 48 | K4: Copa Libertadores (Pre-eliminatoria)
A5: 4 | B5: Melgar | C5: 28 | D5: 13 | E5: 8 | F5: =C5-D5-E5 -> 7 | G5: 47 | H5: 31 | I5: =G5-H5 -> 16 | J5: =D5*3+E5*1 -> 47 | K5: Copa Libertadores (Pre-eliminatoria)
A6: 5 | B6: Cusco FC | C6: 28 | D6: 14 | E6: 3 | F6: =C6-D6-E6 -> 11 | G6: 41 | H6: 40 | I6: =G6-H6 -> 1 | J6: =D6*3+E6*1 -> 45 | K6: Copa Sudamericana
A7: 6 | B7: Cienciano | C7: 28 | D7: 13 | E7: 5 | F7: =C7-D7-E7 -> 10 | G7: 48 | H7: 40 | I7: =G7-H7 -> 8 | J7: =D7*3+E7*1 -> 44 | K7: Copa Sudamericana
A8: 7 | B8: Alianza Atlético | C8: 28 | D8: 12 | E8: 7 | F8: =C8-D8-E8 -> 9 | G8: 43 | H8: 36 | I8: =G8-H8 -> 7 | J8: =D8*3+E8*1 -> 43 | K8: Copa Sudamericana
A9: 8 | B9: Chankas CYC | C9: 28 | D9: 12 | E9: 7 | F9: =C9-D9-E9 -> 9 | G9: 36 | H9: 45 | I9: =G9-H9 -> -9 | J9: =D9*3+E9*1 -> 43 | K9: Copa Sudamericana
A10: 9 | B10: Sporting Cristal | C10: 28 | D10: 12 | E10: 5 | F10: =C10-D10-E10 -> 11 | G10: 49 | H10: 40 | I10: =G10-H10 -> 9 | J10: =D10*3+E10*1 -> 41 | K10: Zona Media
A11: 10 | B11: Sport Huancayo | C11: 28 | D11: 11 | E11: 5 | F11: =C11-D11-E11 -> 12 | G11: 38 | H11: 44 | I11: =G11-H11 -> -6 | J11: =D11*3+E11*1 -> 38 | K11: Zona Media
A12: 11 | B12: Juan Pablo II College | C12: 28 | D12: 9 | E12: 8 | F12: =C12-D12-E12 -> 11 | G12: 43 | H12: 53 | I12: =G12-H12 -> -10 | J12: =D12*3+E12*1 -> 35 | K12: Zona Media
A13: 12 | B13: Sport Boys | C13: 28 | D13: 10 | E13: 8 | F13: =C13-D13-E13 -> 10 | G13: 30 | H13: 29 | I13: =G13-H13 -> 1 | J13: =D13*3+E13*1-4 -> 34 | K13: Zona Media
A14: 13 | B14: Atlético Grau | C14: 28 | D14: 9 | E14: 6 | F14: =C14-D14-E14 -> 13 | G14: 26 | H14: 31 | I14: =G14-H14 -> -5 | J14: =D14*3+E14*1 -> 33 | K14: Zona Media
A15: 14 | B15: Comerciantes Unidos | C15: 28 | D15: 7 | E15: 10 | F15: =C15-D15-E15 -> 11 | G15: 36 | H15: 39 | I15: =G15-H15 -> -3 | J15: =D15*3+E15*1 -> 31 | K15: Peligro de Descenso
A16: 15 | B16: FC Cajamarca | C16: 28 | D16: 7 | E16: 7 | F16: =C16-D16-E16 -> 14 | G16: 41 | H16: 52 | I16: =G16-H16 -> -11 | J16: =D16*3+E16*1-2 -> 26 | K16: Peligro de Descenso
A17: 16 | B17: ADT | C17: 28 | D17: 6 | E17: 8 | F17: =C17-D17-E17 -> 14 | G17: 29 | H17: 42 | I17: =G17-H17 -> -13 | J17: =D17*3+E17*1-1 -> 25 | K17: Zona de Riesgo Directo
A18: 17 | B18: CD Moquegua | C18: 28 | D18: 6 | E18: 7 | F18: =C18-D18-E18 -> 15 | G18: 24 | H18: 43 | I18: =G18-H18 -> -19 | J18: =D18*3+E18*1 -> 25 | K18: Zona de Descenso Directo
A19: 18 | B19: UTC Cajamarca | C19: 28 | D19: 4 | E19: 8 | F19: =C19-D19-E19 -> 16 | G19: 32 | H19: 51 | I19: =G19-H19 -> -19 | J19: =D19*3+E19*1-10 -> 10 | K19: Zona de Descenso Directo

Sheet Historial_H2H
A1: Fecha | B1: Local | C1: Visitante | D1: GL | E1: GV | F1: Temporada
A2: 45499 | B2: Universitario | C2: Alianza Lima | D2: 2 | E2: 1 | F2: PERÚ Liga 1
A3: 45332 | B3: Alianza Lima | C3: Universitario | D3: 0 | E3: 1 | F3: PERÚ Liga 1
A4: 44976 | B4: Universitario | C4: Alianza Lima | D4: 1 | E4: 2 | F4: Apertura 2023
A5: 44808 | B5: Alianza Lima | C5: Universitario | D5: 0 | E5: 2 | F5: Fase II 2022
A6: 44668 | B6: Universitario | C6: Alianza Lima | D6: 1 | E6: 4 | F6: Liga 1 2022
A7: 44426 | B7: Universitario | C7: Alianza Lima | D7: 1 | E7: 2 | F7: Fase 2 2021
A8: 43898 | B8: Universitario | C8: Alianza Lima | D8: 2 | E8: 0 | F8: Apertura 2020
A9: 43737 | B9: Universitario | C9: Alianza Lima | D9: 1 | E9: 0 | F9: Clausura 2019
A10: 43570 | B10: Alianza Lima | C10: Universitario | D10: 2 | E10: 3 | F10: Apertura 2019
A11: 43407 | B11: Alianza Lima | C11: Universitario | D11: 2 | E11: 1 | F11: Clausura 2018
A12: 45499 | B12: Universitario | C12: Alianza Lima | D12: 2 | E12: 1 | F12: PERÚ Liga 1
A13: 45332 | B13: Alianza Lima | C13: Universitario | D13: 0 | E13: 1 | F13: PERÚ Liga 1
... A65: 46278 | B65: Alianza Atletico | C65: Atlético Grau | D65: 1 | E65: 3 | F65: PERÚ Liga 1
